,whereas,to,or,has,a,the,guarantee,sentences,does,unifying,of,specific,but,topic,are,point,thesis,like,statement,statements,is,unity,similar,mini,function,sentence,main,alone,essay,paragraph
0,0.0,0.4481203125901445,0.0,0.0,0.0,0.0,0.0,0.4481203125901445,0.0,0.0,0.0,0.0,0.0,0.15787930072922424,0.4481203125901445,0.0,0.15787930072922424,0.0,0.0,0.4481203125901445,0.0,0.0,0.4481203125901445,0.4481203125901445,0.0,0.0,0.0,0.0,0.0,0.0
1,0.0,0.0,0.0,0.215413541726763,0.5,0.0,0.0,0.0,0.0,0.0,0.0,0.29874687506009634,0.0,0.10525286715281615,0.0,0.16666666666666666,0.10525286715281615,0.215413541726763,0.16666666666666666,0.0,0.0,0.0,0.0,0.0,0.0,0.13208020839342965,0.16666666666666666,0.0,0.0,0.0
2,0.3584962500721156,0.0,0.0,0.0,0.0,0.6,0.0,0.0,0.0,0.0,0.25849625007211563,0.0,0.0,0.0,0.0,0.2,0.1263034405833794,0.0,0.0,0.0,0.25849625007211563,0.0,0.0,0.0,0.0,0.0,0.2,0.0,0.3584962500721156,0.0
3,0.0,0.0,0.0,0.0,0.0,0.6,0.0,0.0,0.0,0.0,0.25849625007211563,0.0,0.0,0.1263034405833794,0.0,0.2,0.0,0.0,0.0,0.0,0.25849625007211563,0.0,0.0,0.0,0.0,0.15849625007211562,0.2,0.0,0.0,0.3584962500721156
4,0.0,0.0,0.0,0.23499659097465056,0.36363636363636365,0.18181818181818182,0.0,0.0,0.0,0.32590568188374147,0.0,0.0,0.0,0.11482130962125399,0.0,0.0,0.11482130962125399,0.23499659097465056,0.18181818181818182,0.0,0.0,0.0,0.0,0.0,0.32590568188374147,0.14408750006555965,0.0,0.0,0.0,0.0
5,0.0,0.0,0.32590568188374147,0.0,0.18181818181818182,0.0,0.32590568188374147,0.0,0.32590568188374147,0.0,0.0,0.0,0.32590568188374147,0.11482130962125399,0.0,0.0,0.11482130962125399,0.0,0.18181818181818182,0.0,0.0,0.32590568188374147,0.0,0.0,0.0,0.14408750006555965,0.0,0.32590568188374147,0.0,0.0
